{
  "cation": "BMIM",
  "T": 323,
  "concIL": 1.9160304073221486,
  "concACN": 8.48627285861228
}