{
  "cation": "BMIM",
  "T": 333,
  "concIL": 0.3527249874218256,
  "concACN": 17.184761387191344
}