{
  "cation": "hmim",
  "T": 323,
  "concIL": 0.8512509583510112,
  "concacn": 13.824315563620422
}