{
  "cation": "HMIM",
  "T": 328,
  "concIL": 2.0152534786955894,
  "concACN": 6.545543298803275
}