{
  "cation": "BMIM",
  "T": 298,
  "concIL": 1.9160304073221486,
  "concACN": 8.48627285861228
}