{
  "cation": "HMIM",
  "T": 308,
  "concIL": 1.6412190316093407,
  "concACN": 8.884465691111897
}