{
  "cation": "hmim",
  "T": 313,
  "concIL": 1.449107087778409,
  "concacn": 10.085785330937725
}