{
  "cation": "hmim",
  "T": 308,
  "concIL": 1.9145620715907745,
  "concacn": 7.175189548300195
}