{
  "cation": "BMIM",
  "T": 308,
  "concIL": 1.744239126583911,
  "concACN": 9.442147805240904
}