{
  "cation": "EMIM",
  "T": 298,
  "concIL": 2.3447708242487346,
  "concACN": 7.61581563715989
}