{
  "cation": "BMIM",
  "T": 308,
  "concIL": 0.878152484934968,
  "concACN": 14.261196355343879
}