{
  "cation": "emim",
  "T": 303,
  "concIL": 2.3447708242487346,
  "concacn": 7.61581563715989
}