{
  "cation": "HMIM",
  "T": 298,
  "concIL": 1.1969187508583243,
  "concACN": 11.662776308363512
}