{
  "cation": "bmim",
  "T": 318,
  "concIL": 0.3527249874218256,
  "concacn": 17.184761387191344
}