{
  "cation": "HMIM",
  "T": 303,
  "concIL": 2.099698556349624,
  "concACN": 6.017489039138452
}