{
  "cation": "bmim",
  "T": 283,
  "concIL": 1.250795367111247,
  "concacn": 12.187750057131991
}