{
  "cation": "emim",
  "T": 293,
  "concIL": 1.8533324117400765,
  "concacn": 10.032706122219615
}