{
  "cation": "hmim",
  "T": 283,
  "concIL": 0.34830375083568027,
  "concacn": 16.96935874071434
}