{
  "cation": "BMIM",
  "T": 313,
  "concIL": 1.250795367111247,
  "concACN": 12.187750057131991
}