{
  "cation": "HMIM",
  "T": 288,
  "concIL": 1.7924369017576032,
  "concACN": 7.938865986693674
}