{
  "cation": "hmim",
  "T": 323,
  "concIL": 1.6412190316093407,
  "concacn": 8.884465691111897
}