{
  "cation": "emim",
  "T": 288,
  "concIL": 0.9049715437483982,
  "concacn": 14.696737870473987
}