{
  "cation": "BMIM",
  "T": 328,
  "concIL": 2.2713256004431086,
  "concACN": 6.509351956093426
}