{
  "cation": "emim",
  "T": 323,
  "concIL": 0.3569742323999604,
  "concacn": 17.39178460252607
}