{
  "cation": "hmim",
  "T": 313,
  "concIL": 2.099698556349624,
  "concacn": 6.017489039138452
}