{
  "cation": "HMIM",
  "T": 283,
  "concIL": 2.099698556349624,
  "concACN": 6.017489039138452
}