{
  "cation": "hmim",
  "T": 283,
  "concIL": 2.0152534786955894,
  "concacn": 6.545543298803275
}