{
  "cation": "BMIM",
  "T": 323,
  "concIL": 2.0562366482455032,
  "concACN": 7.706142269424685
}