{
  "cation": "emim",
  "T": 328,
  "concIL": 2.2095635147069332,
  "concacn": 8.280764187424753
}