{
  "cation": "EMIM",
  "T": 288,
  "concIL": 1.3059194436169204,
  "concACN": 12.724879058603271
}