{
  "cation": "EMIM",
  "T": 283,
  "concIL": 2.2095635147069332,
  "concACN": 8.280764187424753
}