{
  "cation": "emim",
  "T": 318,
  "concIL": 1.3059194436169204,
  "concacn": 12.724879058603271
}