{
  "cation": "bmim",
  "T": 288,
  "concIL": 2.0562366482455032,
  "concacn": 7.706142269424685
}