{
  "cation": "HMIM",
  "T": 288,
  "concIL": 0.8512509583510112,
  "concACN": 13.824315563620422
}