{
  "cation": "emim",
  "T": 303,
  "concIL": 1.6120048107211618,
  "concacn": 11.219553482619286
}