{
  "cation": "bmim",
  "T": 293,
  "concIL": 1.744239126583911,
  "concacn": 9.442147805240904
}