{
  "cation": "EMIM",
  "T": 303,
  "concIL": 2.459877800345608,
  "concACN": 7.049720378402236
}