{
  "cation": "bmim",
  "T": 323,
  "concIL": 2.2713256004431086,
  "concacn": 6.509351956093426
}