{
  "cation": "EMIM",
  "T": 333,
  "concIL": 2.459877800345608,
  "concACN": 7.049720378402236
}