{
  "cation": "BMIM",
  "T": 323,
  "concIL": 1.5288350160254576,
  "concACN": 10.640691711537185
}