{
  "cation": "emim",
  "T": 303,
  "concIL": 2.459877800345608,
  "concacn": 7.049720378402236
}