{
  "cation": "EMIM",
  "T": 283,
  "concIL": 2.0484872298729617,
  "concACN": 9.072936167219154
}