{
  "cation": "HMIM",
  "T": 283,
  "concIL": 1.9145620715907745,
  "concACN": 7.175189548300195
}