{
  "cation": "bmim",
  "T": 318,
  "concIL": 2.1728352019026023,
  "concacn": 7.057368735779652
}