{
  "cation": "emim",
  "T": 323,
  "concIL": 2.3447708242487346,
  "concacn": 7.61581563715989
}