{
  "cation": "bmim",
  "T": 293,
  "concIL": 1.9160304073221486,
  "concacn": 8.48627285861228
}