{
  "cation": "HMIM",
  "T": 288,
  "concIL": 0.34830375083568027,
  "concACN": 16.96935874071434
}