{
  "cation": "HMIM",
  "T": 293,
  "concIL": 1.449107087778409,
  "concACN": 10.085785330937725
}