{
  "cation": "EMIM",
  "T": 303,
  "concIL": 0.3569742323999604,
  "concACN": 17.39178460252607
}