{
  "cation": "hmim",
  "T": 313,
  "concIL": 1.1969187508583243,
  "concacn": 11.662776308363512
}