{
  "cation": "hmim",
  "T": 313,
  "concIL": 1.7924369017576032,
  "concacn": 7.938865986693674
}