{
  "cation": "hmim",
  "T": 323,
  "concIL": 1.449107087778409,
  "concacn": 10.085785330937725
}