{
  "cation": "EMIM",
  "T": 288,
  "concIL": 1.8533324117400765,
  "concACN": 10.032706122219615
}