{
  "cation": "bmim",
  "T": 318,
  "concIL": 0.878152484934968,
  "concacn": 14.261196355343879
}