{
  "cation": "EMIM",
  "T": 318,
  "concIL": 0.9049715437483982,
  "concACN": 14.696737870473987
}