{
  "cation": "emim",
  "T": 303,
  "concIL": 0.9049715437483982,
  "concacn": 14.696737870473987
}