{
  "cation": "BMIM",
  "T": 328,
  "concIL": 2.1728352019026023,
  "concACN": 7.057368735779652
}