{
  "cation": "bmim",
  "T": 293,
  "concIL": 1.5288350160254576,
  "concacn": 10.640691711537185
}